R_N,R_L,R_M,R_P,Lam_min,Lam_max,M_s1, M_s2, M_s3, M_s4, M_s5, M_s6, M_s7, M_s8, M_s9, M_s10,P_s1, P_s2, P_s3, P_s4, P_s5, P_s6, P_s7, P_s8, P_s9, P_s10,M_u1, M_u2, M_u3, M_u4, M_u5, M_u6, M_u7, M_u8, M_u9, M_u10,P_u1, P_u2, P_u3, P_u4, P_u5, P_u6, P_u7, P_u8, P_u9, P_u10
0.43137254901960786,0.43298002486004555,0.5352154020378633,0.6428571428571429,-1.0,1.0190748392064461,0.004462564000257539, 0.002207782776887951, 0.0018252055898944936, 0.001687305620496257, 0.0016147681656655075, 0.001549783583881888, 0.0014844830837955577, 0.0014515668257181731, 0.0014262904513876213, 0.001385845365737314,0.021666156231653747, 0.021666156231653747, 0.021666156231653747, 0.021666156231653747, 0.021666156231653747, 0.021666156231653747, 0.021666156231653747, 0.021666156231653747, 0.021666156231653747, 0.021666156231653747,0.002324226103053269, 0.0023997846294986232, 0.0024384489483486437, 0.002503445963288876, 0.0025685157166061958, 0.0026523733514674307, 0.0027494433121785207, 0.002926372484852643, 0.0033767357347018164, 0.005046460846614826,1.5693483842886218, -0.14213391974027828, 0.4566862947753032, -0.11268073386909365, 0.3996172803096918, -0.05786105915800154, -0.17172575901524081, -0.058100228699079486, 0.0009190022871917422, 0.001672209374466242
0.5674603174603174,0.5685362036158301,0.5336174434726896,0.4166666666666667,-1.0,1.0318482503384967,0.004387115682991787, 0.0033047941635572864, 0.00298136331277604, 0.00278251052604399, 0.0026276463309753135, 0.0025090945002750353, 0.002409026077606537, 0.0022868839445571, 0.002196236570837586, 0.002077469046220702,0.0, 0.0, 0.0, 0.02882195095036507, 0.028821950950365067, 0.028821950950365074, 0.02882195095036507, 0.028821950950365074, 0.028821950950365056, 0.028821950950365077,0.0018477240915207973, 0.0019157973812081789, 0.0019777832567435577, 0.002065287411081446, 0.0021618621187196848, 0.002252278596356599, 0.002381812764984644, 0.0025630284517220536, 0.002888420483537026, 0.003983606131267163,1.5588139190362413, 0.1524288348055735, 0.1122538060820819, 0.15107515122981294, 0.24168578086332795, 0.04630434293980714, 0.12805059489243947, 0.04544453955416054, -0.08508328678487531, 0.17031328643740837
