R_N,R_L,R_M,R_P,Lam_min,Lam_max,M_s1, M_s2, M_s3, M_s4, M_s5, M_s6, M_s7, M_s8, M_s9, M_s10,P_s1, P_s2, P_s3, P_s4, P_s5, P_s6, P_s7, P_s8, P_s9, P_s10,M_u1, M_u2, M_u3, M_u4, M_u5, M_u6, M_u7, M_u8, M_u9, M_u10,P_u1, P_u2, P_u3, P_u4, P_u5, P_u6, P_u7, P_u8, P_u9, P_u10
0.375,0.37569736784620933,0.3454729091650781,0.0,-1.0,1.0051191373080701,0.004936945309342972, 0.0037889059779531776, 0.0033655130469779533, 0.0029732780156865603, 0.0026516659951015984, 0.0024558831069692124, 0.002322654747537464, 0.0022681380063844046, 0.0023113596264077297, 0.0023947237378605726,0.02243994752564139, 0.02243994752564138, 0.02243994752564138, 0.02243994752564138, 0.02243994752564138, 0.022439947525641383, 0.02243994752564138, 0.022439947525641386, 0.04487989505128276, 0.04487989505128276,0.001837109247081572, 0.00189419525950411, 0.0022952604611820816, 0.002310629442915528, 0.002258971321743506, 0.0024902819445158085, 0.002691874685071903, 0.0028858153164207302, 0.00333959870139259, 0.0039202338841583355,1.5697654401907013, 0.14946282275465175, 0.29822074885051963, -0.14936070192526574, -0.0747869575301691, 0.22511679264525106, 0.29872343757236686, 0.22435496543947062, 0.07504970714259772, 0.0012324113944205278
0.4780701754385965,0.4787569725517567,0.5076958753433976,0.0,-1.0,1.0076387128134796,0.004216770177815728, 0.003447194745067814, 0.0029678793743190377, 0.002634027937947737, 0.0023921333903334347, 0.0021700883877170184, 0.0020093224027282245, 0.0018533170805063444, 0.0017369533591614639, 0.0015973264374722009,0.0, 0.0, 0.0, 0.0, 0.0, 0.026399938265460447, 0.02639993826546044, 0.026399938265460453, 0.02639993826546045, 0.0,0.0012278919775583592, 0.001387076608604471, 0.0015866538242755152, 0.0018344602499261575, 0.002132422797708167, 0.0025088454022365245, 0.003024520473372823, 0.0036997758509465864, 0.0046570307079132406, 0.006116388037046433,1.5556374427661084, -0.2876198762368002, 0.17307022630432964, -0.28867740056817043, 0.23067489432376895, 0.3455531018623345, 0.001199518054092498, -0.05882691027048432, 0.057568443231865975, -0.05885580879401119
